{
  "id": "ditu4",
  "name": "底图4",
  "imageUrl": "/geodata/basemaps/ditu4.jpg",
  "width": 5889,
  "height": 4342,
  "sourceCrs": "EPSG:4524",
  "mapCrs": "EPSG:3857",
  "worldFile": {
    "a": 0.5512762530291969,
    "d": 0.0041057826766981555,
    "b": 0.0021270471378838835,
    "e": -0.5631117575866207,
    "c": 36533020.00047618,
    "f": 2524601.7966294093,
    "cornerC": 36533019.72377453,
    "cornerF": 2524602.0761323967
  },
  "sourceCorners": {
    "topLeft": [
      36533019.72377453,
      2524602.0761323967
    ],
    "topRight": [
      36536266.189628616,
      2524626.25508658
    ],
    "bottomRight": [
      36536275.425267294,
      2522181.2238351386
    ],
    "bottomLeft": [
      36533028.9594132,
      2522157.0448809555
    ]
  },
  "webMercatorCorners": {
    "topLeft": [
      12058310.467713848,
      2610223.9759751493
    ],
    "topRight": [
      12061830.838003282,
      2610242.2572091
    ],
    "bottomRight": [
      12061834.514972458,
      2607575.9943843274
    ],
    "bottomLeft": [
      12058314.711934905,
      2607557.709507948
    ]
  },
  "webMercatorTransform": [
    0.597787449385931,
    0.003104301910429287,
    0.0009774806673751345,
    -0.6140641333950998,
    12058310.467713848,
    2610223.9759751493
  ],
  "extent": [
    12058310.467713848,
    2607557.709507948,
    12061834.514972458,
    2610242.2572091
  ]
}